[
{
    "model": "products.product",
    "pk": 77,
    "fields": {
        "name": "Jam",
        "price": "120.00",
        "quantity": 22,
        "unit": "Kg",
        "category": null,
        "description": "Apple flavour",
        "created_at": "2020-07-05T11:43:25.386Z"
    }
},
{
    "model": "products.product",
    "pk": 79,
    "fields": {
        "name": "Peanut Butter",
        "price": "300.00",
        "quantity": 2,
        "unit": "Kg",
        "category": null,
        "description": "Chocolate Flavour",
        "created_at": "2020-07-05T11:43:39.097Z"
    }
},
{
    "model": "products.product",
    "pk": 80,
    "fields": {
        "name": "Noodles",
        "price": "20.00",
        "quantity": 9,
        "unit": "Pcs",
        "category": null,
        "description": "Preeti",
        "created_at": "2020-07-05T11:28:33.097Z"
    }
},
{
    "model": "products.product",
    "pk": 81,
    "fields": {
        "name": "Tez oil",
        "price": "90.00",
        "quantity": 5,
        "unit": "L",
        "category": null,
        "description": "Pure tori",
        "created_at": "2020-07-05T11:27:10.172Z"
    }
},
{
    "model": "products.product",
    "pk": 82,
    "fields": {
        "name": "Biscuits",
        "price": "20.00",
        "quantity": 15,
        "unit": "Pcs",
        "category": null,
        "description": "Orange",
        "created_at": "2020-07-06T02:33:53.770Z"
    }
},
{
    "model": "products.product",
    "pk": 83,
    "fields": {
        "name": "Frooti",
        "price": "120.00",
        "quantity": 3,
        "unit": "",
        "category": null,
        "description": "Mango",
        "created_at": "2020-06-30T17:00:27.655Z"
    }
}
]
